cpc_subclass,grant_year,mean_novelty,mean_value,sd_value,patent_count,CV,ln_mean_value,ln_sd_value
A01B,2021,0.6199773708336149,14.897723390335472,9.037032772518025,74,0.606604951356566,2.7661759159767527,2.3062815299970034
A01B,2022,0.6431509903127097,17.5041834804328,30.06397859336063,86,1.717531047761691,2.9179968405972714,3.436048903315062
A01C,2021,0.8195843721374934,23.237075294456204,16.478811695042598,63,0.7091603175625996,3.187883497752274,2.8609893870837846
A01C,2022,0.9189702815587338,16.478058460392955,16.802851398117706,68,1.0197106314742985,2.860946291998532,2.8793586353743357
A01D,2021,0.9126799884066995,17.792696538932116,16.37954530307852,132,0.9205768932909361,2.933468312385538,2.8552939574166767
A01D,2022,0.8920838536582373,15.766618974887304,18.044430372007565,151,1.1444705044720307,2.8193899439934174,2.9467746899010967
A01F,2021,1.1090445650181668,25.260586683728494,19.2592807944112,80,0.7624241287640793,3.2680692099704207,3.0086129993953366
A01F,2022,1.0624400741932345,20.09888484932855,23.667481793485614,54,1.1775519871330713,3.049220188342648,3.2054858496719127
A01G,2021,0.5875304093166003,11.070871348806122,12.838319192310854,27,1.1596484854550615,2.4907952237884574,2.627441497172125
A01G,2022,0.6087155556853865,7.923085850856934,11.474297541468886,30,1.4482106792049798,2.1886418341713973,2.5236703307510626
A01K,2021,0.6910045712202172,38.04391152423721,37.1259657772713,29,0.9758714151571638,3.6646869492574212,3.6408955664695832
A01K,2022,0.7444515533220497,22.672023813725335,37.057149722992854,36,1.6344879498829283,3.1642939210844476,3.639088970019876
A01M,2021,0.5111069249790783,36.020778893557875,40.299551907117376,17,1.1187862435235885,3.6114793467283905,3.7208516502015274
A01M,2022,0.754734589542289,25.38507715746208,25.4331952445838,15,1.0018955265262046,3.272798591146025,3.2746206159206035
A01N,2021,0.9087105110760345,31.471688101388118,55.560987792789604,46,1.7654276317748263,3.48036857433489,4.035319485947653
A01N,2022,0.9720389667416873,13.795637728937558,18.831322527873482,49,1.3650200808312858,2.6943323892785673,2.9872626335944164
A23L,2021,1.151843666223785,97.33892952568036,102.44660759944651,20,1.0524731276443575,4.588419976483021,4.639055610995055
A23L,2022,1.1303868614805301,38.73845095142287,54.0428496804626,33,1.3950699719054616,3.682319256782238,4.008111967002531
A23V,2021,1.1447764465580625,47.688844284563615,55.04054402000663,18,1.154159737895403,3.88544993371581,4.026075429130584
A23V,2022,1.155865740709334,76.44392146751308,132.82157407362112,12,1.7375034080383651,4.349554080471256,4.8965073759040925
A24B,2021,1.1953118780451828,24.555912587222846,14.038195839534229,26,0.5716829211567852,3.2408687022937572,2.710593353848443
A24B,2022,1.167129976796923,26.78981778698197,13.175258411249608,26,0.49180097139936085,3.3246696869492522,2.651498079518169
A24C,2022,1.1766318094172397,23.856298304168906,14.939878322540592,13,0.626244613982289,3.2131111733129423,2.768824039866221
A24D,2021,1.1249807531069842,35.51307114426887,23.22516458925096,42,0.6539891887947589,3.597670310022709,3.1873919519436757
A24D,2022,1.1194567216190316,25.713538260636057,11.347439367712918,31,0.4413021363568743,3.2851704878594554,2.51344870292963
A24F,2021,0.7857961433576178,30.333939836074364,16.11807065828842,75,0.5313543425414246,3.4447018498850186,2.8401346691695823
A24F,2022,0.7737675613576609,28.77360825094734,14.792760113575852,99,0.5141086228936482,3.393622371947312,2.759551614357997
A41D,2021,0.8583263822532877,43.54113946552121,43.1682674727153,39,0.9914363290124464,3.796413244472823,3.788006600766597
A41D,2022,0.8284520107311708,31.755142849593042,23.45623091951659,47,0.7386592789273877,3.48905998332814,3.196885026787846
A42B,2021,0.9113387958562273,25.04193790492518,23.83773059130112,15,0.9519123752244741,3.2597082348833415,3.2123638918328714
A42B,2022,0.8695041085649585,8.985497063895867,12.600343667866397,15,1.4022979005240732,2.301133746689921,2.6100950621187917
A43B,2021,0.9801156757021247,52.60970720846178,31.48122752797236,169,0.5983919926265794,3.9817301563147725,3.4806623079282293
A43B,2022,0.9965775941437339,34.20825092116441,15.586383054315819,162,0.4556322710049064,3.5612804563058327,2.808582060801263
A43C,2021,0.910464940451986,54.26275025158524,21.77715379871663,30,0.40132786668107423,4.0120990875580365,3.125758007224276
A43C,2022,0.9698217300834651,35.931643221410305,13.188766208832082,27,0.36705157422283974,3.6090687234448495,2.652450539458856
A43D,2021,0.9736321111119086,40.00793768535417,15.611188654409293,10,0.3902022837864029,3.713765650047652,2.810076483642045
A44B,2021,0.5486159039377128,45.63442787830814,33.97745068702052,12,0.744557393764793,3.842339064028268,3.554703587775708
A44B,2022,1.0706659867309885,37.41229005034419,35.86341863773358,13,0.9585999303831346,3.648377461781899,3.607219694488285
A45C,2021,0.9153857308306944,71.3968098372803,84.6239268555052,11,1.185262017285796,4.282162235399877,4.449964763429458
A45C,2022,0.7094057469439511,28.210056193083446,28.04515750183357,12,0.9941546131591789,3.3745130401596426,3.368851774112994
A45D,2021,0.5488085760357342,17.504934034558204,25.974745435743884,16,1.4838528031276552,2.9180374010956514,3.2949010740558835
A45D,2022,0.9009969715940598,34.03883515773094,60.94078418137536,10,1.7903310703490518,3.5564570223001812,4.1261788348035555
A46B,2021,0.7630618366499259,21.354399346651554,38.24329995154869,25,1.7908862399140895,3.107023140465724,3.669780727785824
A46B,2022,0.5937189043853074,31.28527488806581,43.18846798846819,13,1.3804727029885555,3.474611240462682,3.788463849803683
A47B,2021,0.7045937742921824,13.649060641276456,24.48645798679899,41,1.7940031647854868,2.6843762133579094,3.238147251761209
A47B,2022,0.9062256531889242,11.796534720799821,21.853148907886148,27,1.8525057930236375,2.5491744093354463,3.129088915630545
A47C,2021,0.5679206132969615,12.191088716167666,23.244464744429425,42,1.906676695216147,2.579541504351533,3.188188333367006
A47C,2022,0.5918270306536437,2.7216996005648455,2.7895107450669125,41,1.024914999615679,1.314180445818582,1.3322369197500046
A47G,2021,0.5800119054946159,48.724694425341525,111.16696025520892,11,2.2815322202901576,3.9065016794288763,4.71998847784453
A47G,2022,0.8440524626111845,39.84607283078794,64.93223827318268,13,1.6295768606589345,3.709810680351398,4.188627521785753
A47J,2021,0.9224832735242651,22.60515585517769,56.414190159151765,48,2.4956337625175076,3.1614651566105425,4.050291488089083
A47J,2022,0.8083140338191753,12.844629219389564,39.726056302910116,57,3.0928145627545085,2.6278973754329336,3.7068680916080954
A47K,2021,1.0148120038378536,30.40233461867971,27.244949056963492,11,0.8961466084326213,3.446882241063682,3.3409146471630478
A47K,2022,0.9601441362655947,30.9443904923764,24.325066279270324,13,0.7860896883802949,3.4639965939654553,3.2317946672792126
A47L,2021,0.723386797805038,8.733382433063156,18.436501791110835,145,2.1110379549294964,2.275561465086193,2.9671528338225936
A47L,2022,0.6613585817015477,5.122597811909438,15.918748500860575,161,3.1075538399386646,1.8119864855286503,2.828422385772303
A61B,2021,0.36856086509036606,29.723810712383397,40.80183973888818,2283,1.3726988148894887,3.4250379472133883,3.7329403514542334
A61B,2022,0.3497438421936807,25.090408612190096,39.0573373711664,2107,1.556664061349344,3.2615677606660904,3.690311862006901
A61C,2021,0.7814437241231852,59.1854394963099,53.695862041240716,70,0.9072478382894927,4.09743045422773,4.001788058325891
A61C,2022,0.8902261381450413,22.87481513618681,19.573715686920988,88,0.855688475311713,3.172824143349877,3.0240143235660613
A61F,2021,0.8826429150400592,31.631262599597232,29.56882572079398,590,0.9347975164662092,3.4852708042972327,3.4199807223678964
A61F,2022,0.8724360555874795,34.00438920405924,42.05588428635278,555,1.236778112201245,3.5554734594570236,3.7624989064659067
A61G,2021,0.5404721358471603,28.70377284697532,21.316188225752548,84,0.7426267041406982,3.3912740696254784,3.1053123445127113
A61G,2022,0.5656357624166788,20.134921775274844,20.06080144104808,80,0.9963188168767668,3.0509267328183785,3.0474135611122395
A61H,2021,0.6076646829271268,14.366597009913392,25.097717247040244,21,1.746949345744302,2.7321961283467826,3.2618478487044174
A61H,2022,0.7747765949572468,10.245123861453646,23.317955238730146,38,2.2760052054091653,2.419934600153075,3.191214976208421
A61J,2021,0.7792148598339869,22.37802602434725,20.248543299708288,33,0.9048404572270097,3.1517965223831474,3.056288342418763
A61J,2022,0.7784638679608931,41.44374067630653,128.99695926058274,41,3.1125800218687925,3.7481794502081756,4.867511059878815
A61K,2021,0.888370409183726,43.90007276065503,86.07070165971142,998,1.9606049887200043,3.804439415251462,4.466720451378301
A61K,2022,0.9345993024186512,40.941981762009725,87.4447931551026,1096,2.1358221901276666,3.7362872766704784,4.482378551208837
A61L,2021,0.8147189334024774,27.751612571007822,31.835633235908613,114,1.147163364091043,3.3586938550967655,3.4915143048508726
A61L,2022,0.8288487887290927,37.65661113309822,64.05657093098905,121,1.701071047115194,3.6547178117149626,4.17525721340025
A61M,2021,0.718200661549311,28.73230726797445,51.00778965323047,897,1.775276491981717,3.392234241397781,3.951393508386037
A61M,2022,0.708509502016521,30.423082567598208,68.47546714800697,946,2.250773470961028,3.447542736468313,4.240973699578714
A61N,2021,0.7254972740860652,23.917783758209016,25.607845872914652,284,1.0706613176116526,3.215581755703091,3.2812061299245743
A61N,2022,0.6322467674838486,22.765747103021248,37.75041754523669,293,1.6582112317423934,3.1682453466861333,3.657141531102249
A61P,2021,0.8264600843836201,53.38569971260165,130.90721041622587,156,2.452102550326325,3.9961012463746353,4.882098724007966
A61P,2022,0.8493116940503875,52.40062624677711,124.59605877295375,177,2.377758963913471,3.977822473365119,4.833070874345533
A61Q,2021,0.8344183844196263,43.77537721705363,35.34382590739112,25,0.807390550449036,3.8016583726361035,3.593024338312213
A61Q,2022,0.8333568013126945,39.123057688478326,49.52376829025238,22,1.2658460564251102,3.6919511737608723,3.9224438847689265
A62B,2021,0.8168390245501225,21.624628268174696,7.2264764135043675,22,0.3341780641908044,3.1190390593150887,2.107357783704296
A62B,2022,0.6020262756886677,14.811851991437589,10.247495637241245,25,0.6918443178587729,2.7607597848693533,2.4201454938461398
A62C,2021,0.46158313916712357,37.94911540486524,45.67878811451366,20,1.2036851881047388,3.662256061015603,3.843289845524229
A62C,2022,0.4817174933663817,19.628035597056165,27.557303214283284,14,1.4039766271066045,3.026651101854092,3.351912707742844
A63B,2021,0.4832642675997116,29.985335573615554,44.01125494374467,110,1.4677592930615952,3.4335140465511826,3.8069125683590554
A63B,2022,0.4535468482019566,12.85460646230055,16.51752614300283,90,1.284949966492147,2.6286177738913703,2.863201873654921
A63F,2021,-0.23886638680875666,50.96184189025034,78.00873172550425,353,1.5307282631876051,3.95050963940835,4.369558374530173
A63F,2022,-0.08733398849014502,39.22230418278698,87.26401422752974,305,2.22485690337964,3.6944216721810745,4.480332484650887
A63H,2021,0.5889380790154709,81.78035672033431,102.03062278171419,11,1.2476177272083815,4.416190795568783,4.635026252602535
A63H,2022,0.822566570212439,16.771244667605618,16.6469891911331,34,0.9925911595152789,2.8775816829103644,2.870565184756409
B01D,2021,0.7237081624383515,27.894451326458476,49.773169427586026,288,1.7843394317053702,3.363649581060593,3.9273680541840603
B01D,2022,0.750003051068426,23.65764878954661,58.323614180798664,359,2.465317441290683,3.20508714807891,4.083007442264721
B01F,2021,0.8765938401922687,27.793181519853707,49.068178357663996,43,1.765475403476668,3.3601386063286784,3.913385643767972
B01F,2022,0.8499815631479767,18.044538840796793,29.732103690607296,59,1.6477064863185173,2.94678038544978,3.425307831027007
B01J,2021,0.842573725167597,58.62227090794558,82.9171259255343,146,1.4144304654410074,4.088029177225061,4.42982971571242
B01J,2022,0.8739481966241723,50.01113660858587,106.59978550979464,180,2.131520951905214,3.9320439737604196,4.678418654322302
B01L,2021,0.4928856510685145,30.75489835748176,62.16476793411748,101,2.0212964845970505,3.458046992414727,4.1457466763121
B01L,2022,0.466427099643943,16.531073634936412,25.31327860250609,126,1.5312543614232992,2.8639749426330896,3.270073701598863
B02C,2021,0.906904509217519,11.592172916994938,22.89456209813415,17,1.9750017759456568,2.5330754238707014,3.173650905774486
B02C,2022,0.9770952113538152,10.04688507335934,18.510323235948988,12,1.8423942446631132,2.4021484944105977,2.9709437222040296
B03C,2021,0.7553672403058957,14.993302313663607,44.83296856935682,11,2.9901997326166034,2.772170029204059,3.825003669920087
B05B,2021,0.6847274755257344,16.319327940757294,16.876340654445347,66,1.0341320865485473,2.851823099884761,2.8834780874148804
B05B,2022,0.6573934078311148,16.95358337087843,24.661594798024005,89,1.454653819108579,2.8877897257003395,3.244995508387288
B05C,2021,0.7350413849649113,18.503682869998077,15.92390998923741,45,0.8605805720469022,2.9706033128650344,2.8287274143159897
B05C,2022,0.594440744434711,8.80807926715104,7.196032394850427,18,0.8169808850026361,2.2832064610485383,2.103650182888416
B05D,2021,0.48794614558437205,23.255100478262566,27.84055236804462,41,1.1971804806463102,3.1886269242679672,3.3617824650781554
B05D,2022,0.559710557414291,10.106859855888695,14.024923842351164,56,1.3876638285609189,2.4075629224668362,2.7097104116797173
B06B,2021,0.47760111071732286,19.73209981757983,34.22952243903711,14,1.7347126132283783,3.0316832149782194,3.56188443674146
B06B,2022,0.2120435517334814,9.441852641762816,22.922665304743578,18,2.427771982307051,2.3458220228185693,3.174826348658634
B07B,2021,1.0409439191418406,14.247105425605627,10.883014158505404,12,0.7638754563397765,2.7243896768805644,2.475109998799682
B07C,2022,0.7317410280144714,30.657724399332015,36.942300368542696,11,1.2049915997466405,3.4549821756640893,3.6360665944174593
B08B,2021,0.674656064754789,18.769183619406828,19.41288061924521,55,1.0342954181114632,2.9841243424202895,3.016166104503401
B08B,2022,0.4499523880591114,10.471559532737189,14.640478417165838,90,1.3981182431705017,2.4398708881356037,2.749862323982175
B21B,2022,1.0400746769654974,3.378524703029625,10.753837765894389,18,3.182998116382307,1.4767118418574834,2.464179805635989
B21D,2021,0.9357293552853434,31.59130061233906,52.1107194032306,51,1.6495275089395014,3.4840454003789922,3.9723787798750587
B21D,2022,0.91990639048748,6.564866594938243,12.401755292633965,59,1.8891100242914578,2.0235147125756745,2.5953856903657737
B21J,2022,1.0293762769914774,6.058577101932165,6.8535782562740835,18,1.131219119764669,1.9542434875568322,2.060969256760642
B22C,2021,0.8810932439532622,7.613369917319664,8.474367318063859,23,1.1130901834659985,2.1533156376041056,2.2485899749199016
B22C,2022,0.8813573498703372,7.64449415793598,7.730713142326467,12,1.0112785728668496,2.156922604749634,2.1668470552123607
B22D,2021,0.8607788377167305,15.279425980560879,21.25386412793889,35,1.3910119499894131,2.7899021007734675,3.102515662205002
B22D,2022,0.9437999865791196,7.700988718564247,17.300373676798664,44,2.246513312646964,2.1634366650153245,2.906921479136095
B22F,2021,0.6940523759897592,17.459599808320984,25.871036110596688,90,1.4817656987915002,2.915584549983865,3.291048982010389
B22F,2022,0.800702790341892,8.17318271779394,12.428229058432121,111,1.520610695680945,2.2162843054171053,2.597359137240999
B23B,2021,0.8904590905071511,8.000023166636343,6.083865437797221,18,0.7604809775013712,2.1972271514036112,1.9578197245110989
B23B,2022,0.702103557036899,5.348643129048275,7.037290676156385,49,1.3157151274380467,1.8482411096068385,2.0840920458225973
B23C,2022,0.9976742030896459,10.244608818921208,21.182634357007657,18,2.0676860123623793,2.4198887976938064,3.099309746601052
B23H,2022,0.4647091411619575,6.792185162169388,3.7356424660313126,17,0.5499912586067026,2.0531213291699837,1.5551174019176444
B23K,2021,0.6202882596584742,17.721987044377254,25.245269409406824,273,1.4245168640621775,2.9296986109493806,3.2674857598223452
B23K,2022,0.618970661152445,12.769289533097904,21.097084100663196,303,1.6521736817056039,2.6224407161369983,3.0954456586722467
B23P,2021,0.7366280857760276,16.54542768787963,27.431742610062507,35,1.6579651567518956,2.8647933853627316,3.347506218545717
B23P,2022,0.8359613471384384,14.071808510424097,33.16701648644018,40,2.35698321661148,2.712826012765513,3.5312607484854563
B23Q,2021,0.9889325756140006,18.65691707071912,16.52577362719685,11,0.885771939948912,2.978429290150011,2.863672576151568
B23Q,2022,0.6916685471259147,9.78550044804908,17.111326453251426,42,1.7486409145955213,2.378202680994433,2.8965375134566838
B24B,2021,0.6217358420733816,19.16470203981318,16.069215541753877,30,0.8384798004357872,3.003933652109701,2.837276580375669
B24B,2022,0.7647859749480176,7.341995114233559,7.314323768719165,73,0.996231086362241,2.1213024100917193,2.1179797826653184
B24D,2021,0.9733040060315784,24.563489116623472,11.812149746874047,11,0.4808824060292034,3.2411651271032653,2.5503939196956265
B24D,2022,0.9374645110434799,13.317148686714907,6.035182314563823,12,0.4531887761067411,2.6614580276504425,1.9509236055914398
B25B,2021,0.8192981331069408,13.0064606223138,19.313539504664277,41,1.48491892341027,2.6395186961917445,3.0112876343947703
B25B,2022,0.8707146579385063,15.494370574420318,14.914415185695026,45,0.9625699291275025,2.8030191453844564,2.767225313951143
B25C,2021,0.6068060843358684,16.692608835805906,5.840770108541875,13,0.3499015741633706,2.8731469724710474,1.9229003142649073
B25C,2022,0.7581709316772627,13.973525671107389,5.822299643752539,11,0.4166664720694736,2.706283686474088,1.920196606185267
B25F,2022,0.38460569235095965,6.9717611977791645,7.823402051692585,11,1.122155769504083,2.0759054467813582,2.1774075157943593
B25J,2021,0.5184089800332427,26.30718192483679,40.663791973706054,202,1.545729682863336,3.307149741762818,3.7296324536230356
B25J,2022,0.4860985126455229,12.303518285115366,23.35840355843907,390,1.898514149948292,2.5880285329605397,3.192876905326306
B26B,2021,0.6867314197995991,5.0795428059036825,12.040535352884062,29,2.3703974575999216,1.804929496753264,2.56806261032481
B26B,2022,0.8914673724298801,1.734156603967672,5.207232072624197,42,3.002746153784661,1.0058230168250544,1.8257150755877651
B26D,2021,0.8941878065858673,33.428961509513194,35.83880177749135,15,1.072088397579816,3.5388981145229916,3.606551685817204
B26D,2022,0.9620606931685342,23.160684998032252,29.784355838485578,18,1.285987691685979,3.184726725232248,3.427006633618853
B28B,2021,0.9723338205420489,26.079418306836743,32.95121417333842,16,1.2634949823516666,3.298773967268192,3.524924616939237
B28B,2022,0.8966568874175791,8.328972662098456,4.983467317526339,18,0.598329172120343,2.2331248975530977,1.7890002189167988
B29B,2021,0.9921937545245169,37.181653959009275,34.70111634403598,11,0.9332859797547481,3.642355137396227,3.5751819584377564
B29C,2021,0.6764903993936187,16.035520834054402,20.918250332364174,430,1.304494599760077,2.8353006249956705,3.0873196382901567
B29C,2022,0.7737116071612715,10.649619644410494,20.859985429007114,538,1.958754033056531,2.455273530930279,3.084657816188569
B29D,2021,0.6843965045753646,37.45357714598535,33.681131072964206,36,0.8992767484313441,3.649451725330017,3.5461957659411727
B29D,2022,0.5491344009432365,20.15358731228156,24.547714704247063,46,1.2180320219858691,3.0518095039834825,3.2405478685885747
B29K,2021,0.6953778133635791,31.09375727391802,49.88907686513173,83,1.6044724484608859,3.468661533774742,3.9296483006274436
B29K,2022,0.7362070909417413,9.989203777237373,19.132493776282764,70,1.915317196739986,2.3969133160399987,3.0023351155496916
B29L,2021,0.8750323848184179,21.11546442426581,44.39431525548245,64,2.1024550710078,3.0962771115187673,3.8153868825703445
B29L,2022,0.8439220657029634,14.355672297363279,20.774902560483053,67,1.4471563664976388,2.731484936546378,3.0807580478942516
B30B,2021,0.9385430401936826,21.957636853150312,11.454328137623143,14,0.5216557780888778,3.1336506416399152,2.522068204073541
B31D,2022,1.1915966282313584,2.7766383158197914,2.173498634119224,11,0.7827806098244047,1.328834279499796,1.154834649362286
B32B,2021,0.4913740785673441,26.215493241860916,34.349487681199115,302,1.3102743238242731,3.3037864156190766,3.5652838994850606
B32B,2022,0.39939057844226844,17.792790476893064,34.30379762630129,342,1.9279605225976526,2.933473311014977,3.5639905396344016
B33Y,2021,0.622878935655452,16.26399625371645,24.29160139602572,211,1.4935813447740374,2.848623191516013,3.2304723799909527
B33Y,2022,0.6274402325778305,10.270013823435155,18.55183341498253,223,1.80640783293291,2.422145554620157,2.9730690628517493
B41F,2021,0.5991901881148392,15.155149829063548,21.832314450686336,12,1.4405871731348878,2.782238873703497,3.1281768330067736
B41F,2022,0.654871957348901,10.28277528132196,19.331708556108516,22,1.880008852398379,2.4232772513863114,3.012181665235831
B41J,2021,0.4127855016384838,2.985785092115721,7.494720298906311,444,2.510133873565417,1.382734304661165,2.1394448292029513
B41J,2022,0.44441854001581443,2.061903297588648,5.2350367108319205,521,2.538934157074284,1.1190367152830474,1.8301844669786471
B41M,2021,0.23498864176668358,6.656914749612036,15.400600505147919,44,2.3134741970438277,2.0356091284151,2.7973179503273533
B41M,2022,0.18890679434555163,4.2920993073437055,9.73640073540905,47,2.2684472185324887,1.6662150116366734,2.373639905856212
B42D,2021,0.5965348310658397,13.751244654673224,12.406702621979473,12,0.9022239756139586,2.691327462593429,2.5957547775708214
B60B,2021,0.8266791296902223,13.494829996580158,12.301950673676629,22,0.9116047165317512,2.673792033886776,2.5879106916668584
B60B,2022,0.7839430570886504,7.004467153216957,10.154339944971312,28,1.4496948479953546,2.0799997799879533,2.4118286549075716
B60C,2021,0.7728758336863164,21.26307109852116,34.95423956604659,38,1.6438942147203583,3.102929301224252,3.582247006728426
B60C,2022,0.8899100375808111,10.584984064067825,48.8999955612957,129,4.619751457849938,2.4497097823173877,3.910020913805479
B60D,2021,0.8221228078625662,6.044374270779875,7.764265598219192,30,1.2845441480607402,1.9522293224961278,2.170682726867259
B60D,2022,0.5021807631980355,11.1729039331417,15.89127849061353,31,1.4223051219008445,2.4992124925982164,2.826797423077152
B60G,2021,0.48892972927988415,16.020444810693338,25.997330404504808,114,1.6227595869967413,2.8344152573920534,3.295737987208753
B60G,2022,0.4987354520580406,8.35050322694602,14.963676412651711,108,1.791949060550724,2.23543016291604,2.770315917164697
B60H,2021,0.40600974043323423,7.402062870789811,12.686869885776211,105,1.7139640809917227,2.128477255555401,2.616436970774665
B60H,2022,0.3833781828534073,5.225510490520374,9.266075039175515,129,1.773238242653067,1.8286554454977184,2.328844773596641
B60J,2021,0.5752913375382281,10.52120804099054,19.86115117504747,74,1.8877253541293537,2.444189514439148,3.037888633814448
B60J,2022,0.5884782621617514,9.630843944034794,23.678476014421765,88,2.45860862786463,2.3637595818679755,3.2059314473097524
B60K,2021,0.12037753448539797,8.645492742422089,16.80116190164179,272,1.9433434741320297,2.2664907329140367,2.8792637305408295
B60K,2022,0.057873675707512416,5.329846514662873,16.560392739255093,337,3.1071049970568585,1.8452759885734689,2.865645953518089
B60L,2021,-0.03983519687024137,8.105549816302753,26.949444107842282,291,3.324813827390051,2.2088840975510995,3.330397310596249
B60L,2022,-0.03266258472376767,6.669770270441297,14.90270382281796,363,2.2343653856959516,2.0372866632280346,2.7664891465185835
B60N,2021,0.633372411148855,7.6638790444801455,13.585904095150836,242,1.7727190129567594,2.1591625488995003,2.6800555894102205
B60N,2022,0.5824676044987197,5.348976466842141,10.079326072088646,237,1.8843466847479227,1.8482936135886163,2.40508085565058
B60P,2021,0.6769485948539161,34.81951848715347,67.02253371586522,32,1.924855271637169,3.578492953972517,4.219839028456975
B60P,2022,0.7142478169910746,23.052450765413468,29.283851154224575,26,1.2703140092228429,3.1802368942878143,3.4106146052317743
B60Q,2021,-0.20570568836793188,12.126115912106284,19.043509331442863,90,1.5704541725871595,2.574603826738297,2.997905377225052
B60Q,2022,-0.016587404599751193,8.152258278645848,24.730643667669746,116,3.03359422903094,2.214000655245121,3.2476826422135443
B60R,2021,0.3515671505009529,8.299396967849903,16.64342939660502,553,2.005378157121309,2.229949555890189,2.8703634419218034
B60R,2022,0.19670923380077343,6.598540248571993,13.354557805284143,659,2.023865476636933,2.027956156287673,2.6640675088689707
B60S,2021,0.4360531976341034,12.349980310246034,15.521688767707952,28,1.2568189080293952,2.591514909957233,2.8046739885163277
B60S,2022,0.5490752239941127,7.0396932263187635,14.514173477342673,60,2.0617622118929333,2.084390926532417,2.741754023992927
B60T,2021,0.4111746269079814,12.915648252458762,20.652877856689816,73,1.5990585569530442,2.6330139804869663,3.075138372020563
B60T,2022,0.48763760491722735,6.180602753538901,15.730541508518803,115,2.5451468304627376,1.9713833284974658,2.8172358819894887
B60W,2021,-0.04052421188768124,10.076210143011231,21.959434534959964,653,2.1793347124852125,2.404799577953872,3.1337289428797908
B60W,2022,-0.09837053826619613,7.111286343229338,26.625649050889148,970,3.744139634630161,2.093256467538591,3.318744654616723
B60Y,2021,0.25980198226471146,12.387836697984095,22.946492686248952,72,1.8523405858250532,2.594346585633823,3.175821869970194
B60Y,2022,0.19827776626382748,5.337730001279489,8.414071542126868,73,1.5763389193739585,1.8465206603738655,2.2422055424961616
B61L,2021,0.4912280553542827,23.303073603610798,8.899360650344684,13,0.3818964314203485,3.1906028280931555,2.2924701742818523
B61L,2022,-0.1880111203381526,16.472458246520763,12.488085846943521,15,0.7581191380212603,2.8606258266979996,2.601806765929601
B62B,2021,0.8455223711515525,20.890975833432332,36.19773000944112,12,1.7326969452290029,3.086074489501065,3.616247738165646
B62D,2021,0.5468105996882292,10.243009736826503,19.688423607536933,406,1.9221326654363617,2.4197465788018024,3.0295742978222364
B62D,2022,0.48445395598671104,7.691688008051066,16.216462165695255,498,2.108309924781285,2.1623671676003027,2.8458660287454007
B62J,2021,0.3489554335872269,3.9290550939906708,8.070223548271978,22,2.053985845251968,1.5951473051796754,2.204996910821326
B62J,2022,0.42679685092609426,3.2434757501696665,7.866913382666885,50,2.425457746140191,1.4453826858288854,2.182326751845239
B62K,2021,0.559733348745593,6.0488042992177045,9.590594651631088,31,1.5855356161665612,1.9528579994921276,2.359966310221079
B62K,2022,0.41630504207566743,2.1450667202791895,4.658067400954933,30,2.1715256485582257,1.1458351046425386,1.7330823853137125
B62M,2021,0.693667873743077,8.570638988929655,8.249680721065152,18,0.9625514190623276,2.258699973238944,2.224589034287016
B62M,2022,0.7775120408502136,5.147791406582811,5.902656305938242,22,1.146638595027401,1.8160928964382368,1.9319063093956614
B63B,2021,0.9951767935191307,15.289436140717001,28.323589058201314,38,1.8524940225083457,2.790516808185354,3.378392279424696
B63B,2022,1.1417329235411813,5.725736918768767,6.958087506830905,25,1.2152300403503582,1.905941498483636,2.074188708027581
B63H,2021,0.9508777098238599,15.470003220192226,10.293788925887203,46,0.6654031534040815,2.8015407397081833,2.4242529220275877
B63H,2022,1.0333663416874757,6.674672875873818,5.878547872218726,39,0.8807244911533035,2.0379256705289315,1.9284075645833951
B64C,2021,0.767576994421696,22.22778992861181,29.066449506404474,404,1.3076625971253166,3.145349403582727,3.4034099157492568
B64C,2022,0.8117163722192351,16.296750145030696,29.788682062934722,408,1.827890947448689,2.8505186309687702,3.427147156958409
B64D,2021,0.675694099789216,17.842159088391032,17.079454713535874,230,0.9572526861196182,2.936096863876631,2.8947761948596544
B64D,2022,0.6369933656458148,13.280940484401041,18.402289952718093,207,1.385616476056968,2.658925814994921,2.965391097903153
B64F,2021,0.5734406730307324,20.98011205072169,16.899956916366445,43,0.8055227195883878,3.0901380468115116,2.88479830593691
B64F,2022,0.840218211024916,20.618777870156407,49.02284540478739,47,2.377582498511854,3.073562282868462,3.9124798091731745
B64G,2021,0.8251345883405434,20.28148813025035,13.909612461269433,28,0.6858280009800117,3.057837592961207,2.702006136572282
B64G,2022,0.9463947066746579,31.64443335796335,38.79071712347372,35,1.225830675641155,3.4856743467903963,3.68363364698248
B65B,2021,0.8957504582039534,38.00279966016675,42.59824919792122,54,1.120923973466388,3.663633429711265,3.7750169935377333
B65B,2022,0.8724764578913802,38.451684638141415,36.06739323589108,47,0.9379925372662273,3.6750767495015864,3.612737694643971
B65C,2022,0.9278201780597688,15.11193138063116,10.50813636107703,15,0.6953536312734468,2.7795600770688726,2.443054294861108
B65D,2021,0.8118512049483998,40.44628283198181,61.35007397135307,173,1.5168284864695192,3.7243981992000514,4.132764858514324
B65D,2022,0.8364797333039491,38.93343646548002,59.8019716032851,185,1.536005475815318,3.687213979617918,4.107622216131966
B65F,2022,0.8093834474546858,12.445493615942247,15.454782326069163,13,1.2417974572155275,2.598644002765174,2.8006161538708065
B65G,2021,0.8120759080539356,44.67767367826675,47.80328869970312,121,1.0699592159597335,3.8216096375681805,3.887797701975763
B65G,2022,0.8052746217912039,32.905902789892224,51.615922794133866,132,1.568591602658865,3.5235891228242915,3.9630187886521826
B65H,2021,0.67422541976715,6.900632464188937,14.25964192196565,151,2.066425359699497,2.066942815026538,2.7252115604411347
B65H,2022,0.5904067889945983,4.066768601164883,15.038412838509133,191,3.697877679640179,1.6227032576327074,2.7749866473248375
B66C,2021,0.91821939757512,12.59216540435587,18.454319691722745,14,1.4655398098042014,2.609493553538955,2.968069137525073
B66C,2022,0.9680780928351604,34.258709568794956,89.1033276180156,15,2.6008956186480727,3.5627125787048644,4.500957096429703
B66D,2021,0.7508904112820655,33.73012906819542,51.191014567268134,10,1.5176643547307624,3.547607583080647,3.9549103453450467
B66F,2021,0.7674860153154418,36.92061034804666,27.845552888319556,12,0.7542007736552158,3.635494772933623,3.361955835086938
B66F,2022,0.7451274131769062,15.306637391678384,21.707320176457365,28,1.4181638736838948,2.7915722268719643,3.12268734723736
B67D,2021,0.65432551381386,52.12174091006196,101.4504258539919,54,1.946412841985621,3.9725862777874372,4.62937903137702
B67D,2022,0.6619703700948261,61.02392741926477,108.47860399751858,52,1.7776404860378217,4.127520236711936,4.695729132881084
B81B,2021,-0.10283575724044751,13.679402761335691,16.614990048984097,49,1.2145990829326065,2.6864453385260414,2.868750246875874
B81B,2022,0.0463719972854983,9.640244907646219,16.997982649846964,75,1.7632314129659623,2.3646435012845193,2.8902596766067896
B81C,2021,-0.22527714210182076,10.220632860278043,9.917557982399675,45,0.9703467601251726,2.4177543031632296,2.3903723173229148
B81C,2022,-0.22928484787065986,7.6445188485669,12.41369114481125,41,1.623868210768872,2.1569254609717805,2.5962759125735886
B82Y,2021,0.40817326801488035,14.40405817092211,34.93286219259064,40,2.425209741454018,2.734630992297266,3.5816522581973786
B82Y,2022,0.5801363746669327,10.956773146164277,23.468258083028733,54,2.141895042450929,2.4812979082864652,3.1973766891025535
C01B,2021,0.8575597224628579,51.48059516925695,75.84117939479557,23,1.4731993510456969,3.9604434854491357,4.341740686491514
C01B,2022,0.8275789598375932,53.76413325179661,106.53288838055693,55,1.9814862053411224,4.0030354769691305,4.677796739201886
C01P,2021,0.9456686833253292,45.12855564203621,59.882472564848875,25,1.32693084706371,3.83143218647985,4.10894532647459
C01P,2022,0.8018089236581996,34.88681365667081,120.61395965023648,37,3.457293659352967,3.580369920406642,4.800851762698313
C02F,2021,0.861749088753077,30.49142992116321,57.518005831995374,79,1.8863662996688066,3.449715442820102,4.069334498879492
C02F,2022,0.8351112211627493,23.144703082399925,53.888760637604015,75,2.328340979175619,3.1840650219792335,4.005308603287103
C03B,2021,0.8130168691457137,8.67848838530359,5.825929166208237,43,0.6713069036393525,2.269905730551453,1.9207284733735734
C03B,2022,0.9241540055008601,8.402322331953869,12.147331807625987,81,1.4457112364554165,2.240956715353341,2.5762188336728555
C03C,2021,0.7527078161804243,9.033497283165271,10.022155628287415,114,1.109443586922265,2.3059292234680266,2.399907395147916
C03C,2022,0.72275365639151,11.887135428283079,35.85331647173059,161,3.016144359424453,2.556229560157925,3.6069456138185094
C04B,2021,0.8366821637951363,13.526935296549869,19.413054484411482,92,1.4351406330274163,2.6760045328676014,3.0161746218914702
C04B,2022,0.8500761567727043,13.708482295891686,32.2167154724634,118,2.3501299981339634,2.6884243543000728,3.503053227306124
C07B,2021,0.6928407870780069,61.2566735374129,76.46773260130828,28,1.2483167659211063,4.1312657350190145,4.3498614961285975
C07B,2022,0.8462981789569095,85.80919329381068,195.10201050944713,40,2.2736725870550702,4.463712529581028,5.278634985620153
C07C,2021,0.8658075027796881,56.782689347745304,76.59849959885372,113,1.3489762545368988,4.056689238568029,4.35154809193593
C07C,2022,0.7925546973218713,42.12869016426131,68.63325212764192,137,1.629133302270694,3.7641884407170525,4.243242213703811
C07D,2021,0.6471891797405627,60.30473343658597,106.55026241491285,444,1.7668639979473058,4.11585705752362,4.677958295644866
C07D,2022,0.6665468911826646,53.883229934499695,106.98630746866625,410,1.985521424731192,4.005207836177385,4.68200443638908
C07F,2021,0.5934478451783239,22.70389707104773,36.346731754248715,36,1.6009027719121613,3.1656394680009408,3.6202454045172288
C07F,2022,0.7024467946197436,29.43796193739024,51.942675401053165,44,1.7644793315354776,3.415690577315415,3.9692097319982897
C07H,2021,0.688722019027146,28.99879741485594,48.337403314287656,29,1.6668761336125146,3.4011572946872146,3.898682481307038
C07H,2022,0.7254068114014077,45.79999451304202,53.61496840724247,22,1.170632638219532,3.8458830856809025,4.000307991832325
C07J,2021,0.3165196766401228,6.463277198680495,5.747058246871644,18,0.8891864096506537,2.0099946205226416,1.909106594611084
C07J,2022,0.6095441109497066,12.594303536949763,24.688529238719905,13,1.9602933315278237,2.609650847419445,3.2460445591411577
C07K,2021,0.80206134683083,56.98828855406358,112.5098915168071,389,1.9742633858897405,4.06024106867587,4.731889983051939
C07K,2022,0.7935880726392864,56.04175694102618,119.91961128506279,389,2.1398260481243745,4.04378357754307,4.795125955260563
C08B,2022,1.0155256651918927,13.239136732719423,29.98503597509367,11,2.2648784872043923,2.655994281443912,3.433504377462087
C08F,2021,0.6507506029237423,74.34202744101638,74.09680230651955,128,0.996701392967909,4.322038112454194,4.318777978722687
C08F,2022,0.6727799788760865,65.28253563099477,107.73566619368408,129,1.6502984320745877,4.1939264481783685,4.688919856166187
C08G,2021,0.7709396182331248,31.804984763495586,48.843470724693155,110,1.5357174696953046,3.4905804783399605,3.908887509387961
C08G,2022,0.7141225368708883,16.990128383548477,30.207322882552578,117,1.7779337625136662,2.8898231843209956,3.440652775049997
C08J,2021,0.829728935751073,36.205570693993096,39.791947642379476,81,1.0990559430397655,3.616458499906237,3.708484700225346
C08J,2022,0.6814728884389079,34.98597244098262,61.727675452593544,86,1.7643550013286369,3.583129208103952,4.138802745031063
C08K,2021,0.7404314052753264,25.703228476186354,31.565564460274985,75,1.228077807016344,3.284784474807467,3.4832554251899217
C08K,2022,0.7155711992297807,12.952203757797303,24.19356049789701,100,1.867910739385361,2.635637471259905,3.226588426064805
C08L,2021,0.7548670516729453,32.98828906546824,36.471728089124085,97,1.105596231945908,3.5260160260324036,3.623586731014195
C08L,2022,0.7560655394094672,16.159464132415454,33.82354111858907,134,2.0931103185989905,2.842549865857504,3.5502936270034327
C09C,2022,0.7105670106785773,58.04027105389837,139.23557866551934,12,2.3989477674254824,4.078219771302992,4.943323713201559
C09D,2021,0.605258797634222,18.48665304084483,22.404453742179847,105,1.2119259063649295,2.96972977177654,3.1529263351154215
C09D,2022,0.5844490679241173,22.43269050353591,55.53047735224765,118,2.4754265362638854,3.1541320774906976,4.034779914880234
C09J,2021,0.6243836247566922,20.95408521445623,19.170853804037865,49,0.9148981503049288,3.08895323675783,3.0042386814637627
C09J,2022,0.3574766834862037,11.142487167950428,9.360929480992777,59,0.8401113090727163,2.4967106384490987,2.3380419510494423
C09K,2021,0.8470115831025778,23.341708458840646,44.11675219061561,223,1.890039551663856,3.192191276502844,3.809253623008038
C09K,2022,0.7840626732834578,40.96740060952359,78.90086524183684,258,1.9259426780300763,3.736893140939121,4.3807866817728796
C10G,2021,1.04421515763377,88.87341256890014,78.31647386816299,72,0.8812137579104127,4.498402153230427,4.373445848152155
C10G,2022,1.0405756785940388,135.40891624205887,140.3963521815881,60,1.0368324042311485,4.915657111616484,4.951566955262574
C10L,2021,0.7722723804655124,65.80525549753682,90.99021338663904,22,1.3827195517848103,4.201781752560702,4.521682195158503
C10L,2022,0.9958330257445517,97.08068115582488,145.4098935902152,24,1.4978252300971886,4.58579041706412,4.986410178411979
C10M,2021,0.755654641133533,34.315824836554036,63.013346656066666,16,1.8362766145415028,3.564331159137865,4.1590916031189575
C10M,2022,0.7169478298080219,30.51369380250015,119.1709075361431,59,3.905489394613339,3.4504221752554276,4.788914958997072
C10N,2021,0.7249539211502531,94.28364098459977,133.0895389900127,14,1.4115867567285767,4.556858137841274,4.898507778221749
C10N,2022,0.7561316002265493,48.30727181700591,87.3888915658984,18,1.8090214636201902,3.8980715715305347,4.481746300728341
C11B,2022,0.9814464248367925,55.975572007510515,59.91740172735013,12,1.0704205348595763,4.042622614704177,4.1095188765486235
C11D,2021,0.6283559914710954,41.55959748790767,26.321929190796286,129,0.6333538047007073,3.7509053874677,3.3076896468067245
C11D,2022,0.6533476864227784,51.81311471007649,47.465167044432945,106,0.9160840321997094,3.9667595445303925,3.8808453346410547
C12M,2021,0.7519765124140385,12.889252166526578,19.298816658586812,15,1.497279780801084,2.6311153156139335,3.010562591668205
C12M,2022,0.4591961021247305,21.170531334580847,32.89153951760681,36,1.5536473316510657,3.0987639897181554,3.523165411486181
C12N,2021,0.8940642585598991,28.556202940175723,48.42917607104244,321,1.69592491594558,3.3862936351964987,3.9005408585787404
C12N,2022,0.9304407470710491,28.207925344330445,52.65747938896156,404,1.866761867318444,3.3744400883493313,3.982620870151381
C12P,2021,0.8787027546387889,22.712092493054282,29.71198254102148,32,1.308201018911308,3.1659851497915565,3.424652889224171
C12P,2022,0.9378743705250993,26.98833666979148,61.23689766118361,30,2.2690134042135006,3.3317878758877444,4.130948033852516
C12Q,2021,0.8071030652236336,37.672804316559606,37.814897025568044,166,1.0037717582108954,3.6551366221664296,3.6588041168995464
C12Q,2022,0.8819043571978097,21.537713634841577,21.955587100809346,226,1.0194019417776905,3.115190067567885,3.1335613535365843
C12Y,2021,0.9210954325827242,24.579137482796593,37.417111104328605,28,1.5223118032728997,3.241777077161444,3.648502962017962
C12Y,2022,0.8435062269103096,16.58462734383224,28.025736614675623,27,1.689862306438757,2.8670250739943888,3.3681829058898516
C21D,2021,0.9795136583773222,27.590168340158545,37.87650332661849,49,1.3728261045615946,3.353062894395184,3.660390040532886
C21D,2022,0.9885149272538956,5.8974032536178145,16.65355047780687,118,2.823878537997313,1.9311450007141335,2.8709369233649893
C22C,2021,0.9348351344423786,22.85457922461951,33.96174433486474,89,1.4859929820226276,3.1719761999367755,3.5542544447046476
C22C,2022,0.9436891861140689,6.5107552739676455,18.338022164853342,227,2.8165737142932383,2.0163360298228583,2.962073218241966
C22F,2022,1.0551653172420348,5.5819174238050575,6.339531027362415,11,1.1357264083353118,1.884326104682051,1.9932749478552805
C23C,2021,0.26474732331831835,23.489247354815184,28.206293503383776,233,1.2008172538402606,3.1982341377362085,3.374384216988581
C23C,2022,0.29308876723264055,14.79829753264777,24.442060264959004,299,1.6516805538633967,2.759902183129112,3.236403720450615
C23F,2021,0.5247135164341735,15.301730724817935,12.812020586622564,17,0.8372922525582482,2.7912712816127625,2.6255392700148024
C23F,2022,0.42456661713316424,23.462437341338678,26.249551955666625,10,1.118790497925691,3.1971387713019976,3.3050370789801966
C25B,2021,0.6443323283398243,19.01229914441146,37.58758711170044,11,1.9770142909175221,2.9963470417658566,3.652930647336593
C25B,2022,0.5863533113338942,11.032756029599417,20.613741096311575,21,1.868412665068243,2.48763260014032,3.0733292742912135
C25D,2021,0.551635440508841,42.269285111699816,46.40059325122303,44,1.0977378285108423,3.76744303253109,3.858634744471295
C25D,2022,0.43428790305917087,15.847680728239508,38.50682614210568,74,2.429808298288663,2.8242130050838297,3.676473470700699
C30B,2021,0.6856596802984344,17.11825848269016,18.144262065258822,10,1.0599362127640584,2.896920185769137,2.9520030396713204
C30B,2022,0.6043154335220486,13.847651700154788,40.08496317304546,36,2.8947119729042137,2.6978417180743923,3.7156421950226535
D03D,2022,0.9794252336557056,18.25165063256174,27.386291594884565,14,1.5004830054124654,2.9575968042037815,3.3459063383137204
D04B,2021,1.033920607248144,48.628351481160415,27.993474576057878,15,0.5756615991167848,3.9045622728711824,3.3670707900481927
D04B,2022,1.0569520146357119,39.56808432776274,25.79176695887132,24,0.6518325917733314,3.7029816571674146,3.2880946372931055
D04H,2021,0.9757619292387307,50.936924095183294,47.42647298244388,14,0.9310823891489873,3.950029984134133,3.8800466266403366
D04H,2022,0.9625795289436055,42.400705033137825,37.67174609150526,24,0.8884698040295157,3.770475685977586,3.655109258246184
D06F,2021,0.8305156143269492,2.5395116741360804,5.266866471035744,201,2.0739682060439772,1.2639887724710752,1.835276464335437
D06F,2022,0.8502762767481907,1.5885942451669497,5.373527765197648,236,3.3825678152528678,0.9511149658787668,1.8521531255814947
D06M,2021,0.613367069142949,34.207955107779405,40.719383525030565,12,1.190348367703814,3.5612720544505874,3.730965853538033
D06M,2022,0.621276325637372,10.365768114398893,10.692318612493061,12,1.0315027786161417,2.4306060409774664,2.458932097347526
D10B,2021,0.9070968175153428,44.93090386639687,41.25587498478547,25,0.9182071010069331,3.827138177360199,3.743743397030556
D10B,2022,1.1259656872999193,72.82933297564286,73.03013536317633,15,1.0027571636225288,4.301756118432441,4.304472244944168
D21F,2021,0.992960872378246,57.322584553934284,38.30889812578,11,0.6683037484071486,4.065989403486864,3.671450908661363
D21F,2022,0.9268568412706489,42.508372363223565,28.33802606396844,15,0.6666457567894388,3.772953387695108,3.378884492468218
D21H,2021,1.0839478237837719,48.62875718344644,38.32452148488028,42,0.7881040706079613,3.904570447646601,3.671848280653659
D21H,2022,0.9494266285287246,34.74544269778009,41.47683739301296,55,1.1937346072629818,3.576422784028963,3.7489589248451747
E01C,2021,0.9175738744502879,31.47466984085793,25.12113799552954,37,0.798138252840996,3.480460395941717,3.2627448714350367
E01C,2022,0.9255666720329374,29.99776775093833,21.23081529921494,26,0.7077465055229264,3.433915193858196,3.101479402931773
E01H,2022,0.7096709525279556,32.28132858310889,69.4983186515791,12,2.1528952401278767,3.5049965365236257,4.255588860620062
E02D,2021,0.6314386132273029,32.70593220725148,33.388270640597355,10,1.0208628339660837,3.517673851755641,3.5377155364858734
E02F,2021,0.46252258962120146,29.69888705318304,20.212808791645912,91,0.6805914563549129,3.4242264015967048,3.0546051875148943
E02F,2022,0.6276857266189415,26.671488626285058,20.72123322061694,122,0.7769057629650236,3.320402591639202,3.0782902715670373
E04B,2021,0.8454904747013388,14.423483507344704,20.187274220001047,20,1.3996115577572723,2.735891251009839,3.053400728800754
E04B,2022,0.8931103055264534,13.387203673712373,17.829167563944356,12,1.3318067012720807,2.6663391777429273,2.9354071337228933
E04F,2021,0.5287600377911041,16.92634922687381,28.447972784164918,12,1.680691589359289,2.886271654329352,3.382625071876514
E04H,2021,0.9411334466773866,24.515577759129226,37.3265567444812,13,1.522564840658563,3.239289158160378,3.646143043488861
E05B,2021,0.7443321296897968,11.664859338503392,16.572824879456302,60,1.4207479403332954,2.5388311770756102,2.8663536678444586
E05B,2022,0.7284711905079395,10.724379791872474,14.79179780446223,76,1.37926836717143,2.4616704167177215,2.759490678940353
E05C,2022,0.7591175047887979,7.638595948312515,20.859819630229502,15,2.7308447483516605,2.1562400636280885,3.084650231581209
E05D,2021,0.5059105164138704,34.97142443411235,35.566078521386736,19,1.0170039996052989,3.582724857538193,3.599120994291929
E05D,2022,0.7396430068639491,19.225069406822012,26.58735429430582,19,1.3829523177102965,3.006922894672759,3.3173574899850675
E05F,2021,0.4459524094397761,9.491000923228405,12.166682165884076,25,1.2819177096598076,2.35051783475129,2.577689560394026
E05F,2022,0.4272599386494528,7.040302006240292,10.405084651245842,18,1.4779315776543558,2.084466645450615,2.4340592780012957
E05Y,2021,0.4864486423833458,15.277399521137536,29.12509974779921,35,1.9064173655668457,2.7897776132416072,3.4053587029356014
E05Y,2022,0.5212627255388698,13.412835099212545,22.526267919963107,53,1.679456114485863,2.6681191359207266,3.158117580723132
E06B,2021,0.5210936000284212,24.41225097041369,40.97861226252018,32,1.6786085114471423,3.235231379414613,3.7371602567360407
E06B,2022,0.5306762246981903,2.9277839721088275,2.510864066948274,25,0.8575988156461373,1.368075392062529,1.2558621801019292
E21B,2021,0.8155281224769626,23.876024508995755,60.26852713566965,1003,2.5242278970254164,3.213904468487811,4.115266287533489
E21B,2022,0.8085549048262598,24.95987748944226,57.59959979582951,997,2.307687600638003,3.25655217261991,4.070727867136942
F01D,2021,0.6807890218454373,13.941407339271139,7.901562229514181,317,0.5667693395096852,2.704136374683924,2.186226792740347
F01D,2022,0.7124556312712418,10.422435638902085,6.561436668181623,274,0.6295492623327742,2.435579459849972,2.023061207610748
F01K,2021,0.8244504165772661,11.57309258392741,3.6036520122465032,11,0.31138193927967167,2.5315590212940577,1.5268499042164398
F01K,2022,0.7213690403983158,6.293307871014146,5.560694863939819,16,0.8835885639015674,1.986957197702357,1.8810965217274764
F01L,2021,0.702384438978695,23.38455811845132,37.39527770248586,51,1.5991440810241158,3.1939500679583084,3.6479344755336878
F01L,2022,0.7200295708390553,14.292714260201539,16.024256108576555,41,1.121148566804875,2.727376522839214,2.8346391570179117
F01M,2021,0.5771152962636238,10.745524182829412,23.419315209130932,53,2.1794483741010366,2.4634722474112203,3.195374426075238
F01M,2022,0.6774879246225054,9.471858714668631,11.214181221247602,46,1.1839472651635645,2.34869153679281,2.5025976718652307
F01N,2021,0.6302925631365509,11.726131650941229,15.778883849898385,204,1.3456171497641212,2.5436574897941195,2.8201211821341396
F01N,2022,0.6669243810093697,10.449845363662268,15.946259088640753,230,1.5259803885798557,2.4379762245520435,2.8300471067329678
F01P,2021,0.5269319845049945,11.046096005358983,20.972981217977413,70,1.8986781581295717,2.4887406244850863,3.08981357213742
F01P,2022,0.5647131105959222,13.154803271614709,17.005680132915366,67,1.2927354200431136,2.650054020312193,2.890687271056395
F02B,2021,0.5259287781699634,11.534466580012822,13.924256163308318,110,1.2071868314601193,2.5284821762582665,2.702987819732396
F02B,2022,0.5275982499000265,9.574427167759545,12.724071326622296,104,1.3289642402282518,2.3584385549317974,2.619151322200877
F02C,2021,0.5396281301239715,14.4220190561277,9.071879758330388,148,0.6290297997128136,2.735796297055687,2.309747358458949
F02C,2022,0.5578504826287283,10.204176712677981,11.681259002538514,201,1.144752715623335,2.416286629558199,2.5401252345011307
F02D,2021,0.4604114353393951,9.804382474847753,18.143311180211498,353,1.8505307424263084,2.3799518365299503,2.9519533689835793
F02D,2022,0.508245803436421,8.302291040647788,13.745371071823406,333,1.6556118069730932,2.230260718277163,2.690929207893167
F02F,2021,0.6931615506785627,9.479772601340601,16.87262538253836,55,1.779855497815663,2.349446980312121,2.883270234023176
F02F,2022,0.8105564866619536,14.454950053447622,17.176474795230984,46,1.1882763158447758,2.7379293438381667,2.90012816429434
F02K,2021,0.8342069501121264,18.503895375020356,11.614430759376745,40,0.6276749043369452,2.9706142084413223,2.5348414569668316
F02K,2022,0.73613848866258,9.4837466503131,4.643545137922514,37,0.4896319259824608,2.34982611980415,1.7305124385958783
F02M,2021,0.6387091593570811,9.472920839801896,14.964452180596261,171,1.579708353280107,2.3487929582598075,2.7703645118039
F02M,2022,0.6876333470093771,7.942770543717932,12.219747772926716,168,1.5384742270556355,2.190845445394037,2.581711755037802
F02N,2021,0.11764388050589326,12.428088768675131,17.760777582244216,46,1.4290835793682188,2.597348689810499,2.9317683916660147
F02N,2022,0.2827050460244458,8.980913079970453,10.82106136521022,35,1.204895456492473,2.3006745771173316,2.4698828019577284
F02P,2021,0.5445852346700037,10.969492627366751,25.273207239857236,32,2.303954075032194,2.482361131651205,3.268549683792277
F02P,2022,0.6637229944305305,13.978139797345953,32.8066967205812,15,2.347000187164407,2.7065917912958333,3.5206589106920934
F03D,2021,0.765499441528612,13.703922700746697,5.516042657268996,39,0.40251559919908475,2.6881143085773895,1.8742672372605733
F03D,2022,0.7165565873208086,9.897350258846197,12.912236746023023,35,1.3046155191367645,2.3885196641638955,2.6327687943038973
F03G,2022,0.5160253341418566,4.0680952036767914,7.716299102933512,11,1.8967842974666451,1.6229650475383302,2.1651947330302326
F04B,2021,0.5239440493698072,13.726380019784525,21.762782710673523,107,1.5854713827903442,2.689640444656236,3.1251268649952046
F04B,2022,0.3977874649275166,9.980515093991897,25.644131389347386,136,2.5694196289312488,2.39612234700217,3.2825689158308995
F04C,2021,0.7090146534545323,9.854086814690312,18.547044015980358,61,1.8821677101860648,2.384541674014451,2.9728240737706906
F04C,2022,0.7934369116518437,3.8270695033135684,9.790956766970474,69,2.558343076469667,1.5742395554380801,2.3787084469766175
F04D,2021,0.6893503782652162,15.518699764359766,29.99138022882544,128,1.9325962022735708,2.804493058237409,3.4337091086854303
F04D,2022,0.7218372589316887,10.28418394176032,16.868257634632705,147,1.6402135288670658,2.423402094119997,2.88302582215874
F05B,2021,0.6478938983501087,18.355969456882203,14.994758347265075,31,0.8168873010214718,2.963000870963419,2.772261065270166
F05B,2022,0.6953901564809648,9.880555419161313,11.55902372613535,38,1.1698759063401427,2.3869772896800803,2.5304394292081325
F05D,2021,0.698659024061046,13.939344024060926,6.866474688095118,488,0.49259668720728794,2.7039982713820083,2.0626100190099654
F05D,2022,0.7179604394778075,10.627062230839465,12.99410122575231,439,1.222736909175497,2.453335331941819,2.6386358998084987
F15B,2021,0.5260051401326218,21.691068288008825,20.8680169010408,67,0.9620557468152446,3.1219713795701156,3.0850251538987794
F15B,2022,0.5097783558838646,15.094115676104938,16.314344717766012,79,1.0808413734096913,2.7784537192279317,2.8515353323658608
F16B,2021,0.8869041976060008,16.331144366774378,20.138639328189367,116,1.2331431818802188,2.8525051354062545,3.051102613573492
F16B,2022,0.8469416173121282,13.6102332420093,17.965502882799466,117,1.319999632875299,2.681722190180645,2.9426216911510004
F16C,2021,0.7151004718559144,16.056768000445043,26.004767770726698,63,1.6195518157829725,2.8365470751383786,3.2960134345161807
F16C,2022,0.7220586014175567,9.834188749971267,20.81209632006153,104,2.116300271349006,2.3827067590860933,3.0824646929747295
F16D,2021,0.7159784427629619,31.448474747353767,259.4057186271367,148,8.248594588803211,3.479653438882204,5.562240871026981
F16D,2022,0.7243255556916779,7.353289766111953,12.689972441955932,152,1.7257544372096392,2.122655445236964,2.616663626292921
F16F,2021,0.7258639053052774,14.350000737802857,22.365442443305863,78,1.5585673375184967,2.7311155220985377,3.151258112129998
F16F,2022,0.7398608396687957,8.94202161438132,21.766945921103865,90,2.4342309669769095,2.296770381717726,3.125309743767693
F16G,2021,1.0345977918592093,12.11599854727948,26.36346304232637,15,2.175921608066387,2.573832748222978,3.3092086579290836
F16H,2021,0.6135828805586258,12.758686379426317,20.261057082972414,310,1.5880206222204698,2.621670361336511,3.056877093360336
F16H,2022,0.5902606058742177,8.105730354975497,17.629730505375512,303,2.1749712528438536,2.2089039246770406,2.924758718882219
F16J,2021,0.7172336625946186,21.586455296592337,37.64399153772868,43,1.7438709144465792,3.1173504034526953,3.654391304675027
F16J,2022,0.7472472899487618,10.023504972321426,13.000372048414913,77,1.2969886366409464,2.4000298087203773,2.639083904148932
F16K,2021,0.49053954554281565,21.500155223937618,26.520087871663694,111,1.2334835537436974,3.1135222080282494,3.314916206071081
F16K,2022,0.5080755491514133,14.915360736303146,38.758928271455765,160,2.5985914089974855,2.7672847269115555,3.6828344264818167
F16L,2021,0.893851058839417,19.408419407541682,23.93463421892978,74,1.2332088315048113,3.01594753176229,3.2162577695072843
F16L,2022,0.8586182260216093,14.827715373604269,29.336116322549316,80,1.9784650287240033,2.7617625409003006,3.412338960537481
F16M,2021,0.6314646624934505,22.723199003837024,24.404971467075445,27,1.0740112544432867,3.166453430290536,3.234944881922665
F16M,2022,0.42718448545725024,22.97326619683115,30.933262098220823,38,1.3464895166925652,3.1769393010254476,3.4636481655615663
F16N,2021,0.5556177512014927,18.631168284519514,19.26072556307466,16,1.0337905422215654,2.9771185217756604,3.008684310769344
F17C,2021,0.5906411480138806,18.504155954300245,37.69841709189935,40,2.0372946047905787,2.9706275687231622,3.655798697181121
F17C,2022,0.61363578284929,3.080831539918518,10.046006238128296,54,3.260809981968048,1.406300776453436,2.4020689362197647
F21S,2021,0.18862630045405365,9.017092467081806,12.067551304283981,40,1.3382973889131462,2.304292880602476,2.5701321576951077
F21S,2022,-0.10168673890079606,11.249377409510107,29.16449296017524,63,2.592542849128689,2.5054751119857066,3.406665502872795
F21V,2021,0.2230248723687901,15.35649262488643,38.71936303656736,72,2.5213676053749094,2.7946249209584924,3.681838802708191
F21V,2022,0.08242060248382173,13.755142017175015,23.889914501909224,60,1.736798825637691,2.6915916333689154,3.2144626813358035
F21Y,2021,0.3069345220266888,19.416469422672147,22.699789533431677,13,1.169099749253367,3.016341899779716,3.165466167655733
F21Y,2022,0.11969110463699711,15.5686894882967,23.606078736483546,25,1.5162534235285967,2.8075147388898993,3.2029935155224596
F23D,2021,0.8365988626451292,33.17281640011343,45.8948731771354,16,1.3835084915183284,3.531430485912143,3.8479083555566778
F23D,2022,0.9024365692103586,4.202960435148586,4.889617453378226,19,1.1633746091177195,1.6492277780410427,1.7731910470615895
F23N,2021,0.5162578028049578,16.119422272750406,10.035620123017354,17,0.6225793923137302,2.840213624393635,2.4011282341440223
F23N,2022,0.42818351585234427,5.911528915097952,8.55630774103435,11,1.4473933670833743,1.9331908745347277,2.2572014329042513
F23R,2021,0.7391299699912918,16.330957283176865,12.586925382006758,93,0.7707402060853483,2.8524943407003014,2.6091079613603774
F23R,2022,0.7900827906108083,8.826270824282693,3.8668821988790363,84,0.4381105311475978,2.285059495373826,1.5824535265064192
F24C,2021,0.8401127336467552,4.628090545087559,8.347787597004801,36,1.803721754291406,1.7277702274467424,2.235139694660317
F24C,2022,0.8107051535787053,2.8572948004224457,4.553716673187363,43,1.5937160815587195,1.3499661088752593,1.7144673744734495
F24F,2021,0.2683129424798702,17.220501128087413,18.92729046555593,98,1.0991138019023539,2.9025473957393837,2.992090172426167
F24F,2022,0.5063014450353837,8.108360292701356,14.828475784345885,161,1.8287884663553446,2.2091927052475344,2.76181058273439
F24H,2022,0.4360485033875237,14.052160915046914,28.566147932675147,14,2.032865130521442,2.711521563283063,3.3866300559391247
F25B,2021,0.8008679249124092,14.087672519441119,21.02461049208954,54,1.4924119270287821,2.71387802095255,3.092160486857218
F25B,2022,0.7501097782096194,3.8593308393244414,5.643677829723404,96,1.4623462109590233,1.5809007410508225,1.893665700166471
F25C,2021,0.9644845017285187,5.343167061785493,6.56843810836072,15,1.2293155037839647,1.847378180281509,2.0239867196565875
F25C,2022,0.8965647728046349,1.6272243242662596,3.3504513436496253,21,2.0589978245073217,0.9659278988606461,1.4702795968790243
F25D,2021,0.7048181975439465,5.813950197435101,22.681278274338055,158,3.9011820714157808,1.918972010353113,3.16468478973869
F25D,2022,0.7261108732031502,3.5154039999102165,11.677988825468137,184,3.321947868798691,1.5074946623587473,2.5398673264503335
F25J,2021,0.8846962373488464,144.633267236681,63.77840764360158,21,0.44096637559347407,4.981091593432558,4.170972332453131
F25J,2022,0.8411776500461863,110.68313863266083,83.47870690421931,18,0.75421340536133,4.715665742421637,4.43649951330931
F26B,2021,0.9925620564613162,24.863370520155193,35.34536725309095,17,1.4215839008809625,3.2528277020568663,3.5930667475241758
F26B,2022,0.7579087800688151,9.552469430880095,20.91483464427013,14,2.1894688902807817,2.35635990180987,3.0871637885203866
F27D,2021,0.9378726031086126,50.36246284595657,53.85972337604754,10,1.0694418090868199,3.938907610840205,4.004779443135234
F27D,2022,0.5970357275789628,57.41699697455663,96.41082911614721,11,1.679133953293831,4.067606891573941,4.578937386358869
F28D,2021,0.6798035748797918,25.624931484907762,60.10397675158004,45,2.345527315340503,3.2818480506894803,4.112576950010125
F28D,2022,0.7522914906118109,21.655098388126138,51.96337702056544,47,2.399590899529593,3.120384920997605,3.9696006750898807
F28F,2021,0.6744054029503872,20.768270070732612,35.17438566253218,57,1.6936598735828836,3.0804534081814814,3.5883512899969023
F28F,2022,0.6013098405967388,13.820659899809897,27.353463943439962,79,1.979172061372859,2.696022146529104,3.344749207663578
F41A,2021,0.9903907608618858,5.513660560232435,2.6039117921219086,23,0.4722655237253375,1.8739015962289496,1.2820198644526528
F41A,2022,1.00312413388528,4.651846272405352,5.62819247348981,14,1.209883591140172,1.731982265656448,1.8913321385949746
F41B,2021,1.1816592043746872,6.227204248306899,12.61688612492105,11,2.02609158489565,1.977852273739994,2.6113106493932934
F41B,2022,1.1210811135689336,13.141454463176965,20.974609149616143,12,1.5960645154147954,2.6491105167893516,3.089887657275006
F41H,2021,0.7376160587741287,43.02370031652007,82.73340634890326,12,1.9229728205673562,3.784728132459167,4.427638017926787
F41H,2022,0.89487627532936,26.830345182705457,17.185537013148856,11,0.6405261242865583,3.326126978720149,2.900626608558274
F42B,2021,1.1014636088165897,18.21641223470422,12.308639656061269,18,0.6756895648536099,2.9557647177878,2.58841342253022
F42B,2022,1.1695499728601195,8.060273072552846,7.0675833321662695,11,0.8768416737930478,2.203899260059045,2.087853974257384
G01B,2021,0.21716013908991008,19.901880464466736,29.36238726646645,124,1.4753574326250585,3.039839129299713,3.4132045814013963
G01B,2022,0.24623602623070237,19.351317339697378,32.754856068307156,140,1.6926421851970614,3.0131456439309035,3.5191242904736972
G01C,2021,-0.07215903163062776,34.36559110827853,48.269321624759634,350,1.404582900165269,3.5657393448478727,3.8973016079358085
G01C,2022,-0.11790407844071839,21.661616664754643,40.91686174086177,336,1.888910803570682,3.1206725974836806,3.735688174158447
G01D,2021,0.06548702815612338,23.405822364520667,57.490216995136244,103,2.456235722026236,3.1948217253303235,4.0688595094008
G01D,2022,0.052402085891709825,20.246700773129188,43.991994045190914,119,2.1727981530490026,3.056201625581599,3.806484563835571
G01F,2021,0.4121171588683505,30.653576180667624,41.25827118380339,80,1.345952946587154,3.454851133697416,3.74380010230718
G01F,2022,0.37050086536541255,22.59243243118829,51.09593656753385,83,2.261639454855564,3.1609260009138396,3.953086952772106
G01G,2021,-0.050151772318954006,40.67963504193168,47.99140237506724,23,1.179740239203197,3.7300126412151173,3.891644820982094
G01G,2022,0.06176415422834619,23.65612561178334,35.88465419253393,24,1.5169286290338027,3.205025373137436,3.6077955890051796
G01H,2021,0.6702244325904535,8.535387032146502,8.02040446467091,15,0.9396650010672003,2.255009828909935,2.1994891739418168
G01H,2022,0.07284340085390151,17.54958014393161,25.879906497099974,12,1.4746738260885899,2.9204471550469795,3.291379037118392
G01J,2021,0.016714214389475183,24.750408302219196,36.79470238006725,112,1.486630116593597,3.248450483380896,3.632168944128329
G01J,2022,0.16154915203813608,21.348209352766986,47.74548126049138,117,2.236509885748473,3.1067461994054937,3.886612501055194
G01K,2021,-0.007171765708484975,30.30104594051731,36.49283255066848,62,1.204342339281159,3.44365151361773,3.624149782726146
G01K,2022,-0.04900125727138596,14.680840020934099,22.586609464874417,86,1.538509338203203,2.7524395862509468,3.1606791554456226
G01L,2021,0.04035607273774384,17.97904118256487,29.75478364542175,93,1.6549705483892199,2.9433352746541552,3.4260455478582097
G01L,2022,0.0012818344646888108,15.082247020717665,23.981797134832945,100,1.5900679190501554,2.777715994082465,3.2181474450573377
G01M,2021,0.33792767567863397,15.293385307755285,19.16378168476773,83,1.2530764967420107,2.790759216109657,3.0038880091813978
G01M,2022,0.581589470508318,10.976513412390359,18.282718845249185,83,1.6656216922772158,2.482947516304506,2.9592092981846227
G01N,2021,0.4000871453263931,36.42621674425434,63.601386979933764,764,1.7460332876860147,3.622371441313726,4.168235880835685
G01N,2022,0.47658690844670015,24.672049001865204,52.05729366863829,845,2.109970422995786,3.2454028125726864,3.9713723422945457
G01P,2021,0.1327582029580036,14.846445485659604,19.462516391529224,45,1.3109209480699167,2.7629452155935144,3.018594743749063
G01P,2022,0.3495321988248441,22.86012700335232,55.5233458286727,54,2.4288292808054166,3.172208739511946,4.034653753316055
G01R,2021,0.14557297662138563,19.427517832390194,38.48704358211632,668,1.981058203840609,3.016882905236334,3.6759726075205057
G01R,2022,0.13893226168955958,15.055225661253953,29.848403713329752,640,1.982594242353168,2.776034382955247,3.4290850055225346
G01S,2021,0.053916787585936314,23.49095491657407,37.405106027860995,548,1.5923195187552712,3.1983038623057443,3.6481904202295707
G01S,2022,-0.05239626820724561,19.03294324441917,50.850405452225594,734,2.671704780454065,2.997378080691083,3.9483627543600175
G01T,2021,0.3113547341222613,6.417971303545884,17.84177620724484,58,2.779971327915939,2.0039056105705506,2.9360765432204574
G01T,2022,0.11653241984919951,4.66268238557514,10.933895162420667,49,2.3449796186518452,1.733897699663535,2.4793826842800626
G01V,2021,0.68689410129207,37.9041860523424,85.06327908438882,251,2.2441658281996557,3.661101855434857,4.455082828989818
G01V,2022,0.6273773463375956,54.437162120598586,110.23421913149596,216,2.0249810026335706,4.015250165270591,4.711638060481208
G01W,2021,0.14494881804709975,19.735053530897677,25.478917275173696,19,1.291048804873181,3.031825675363576,3.276348841833069
G01W,2022,-0.11471820985728387,14.673172933493191,21.393277491663444,24,1.4579857804872487,2.751950520458643,3.1087608018390713
G02B,2021,0.005726211410694597,34.539290827109234,52.772846825110335,1182,1.5279076541921912,3.5706388683098944,3.9847686339079016
G02B,2022,-0.05828518473076125,23.174560031928785,39.47175668669266,1301,1.7032365072868865,3.1853008418740085,3.7006043650792098
G02C,2021,0.19672746838331587,48.007266897399184,33.58965214574776,44,0.6996784927901717,3.8919685911432262,3.543554566400903
G02C,2022,0.13201297961144393,34.21601406477017,37.917017558543506,41,1.1081658280466982,3.5615009241698217,3.661431624333872
G02F,2021,-0.3676224510166556,22.331109647824032,35.078845413673484,286,1.5708509772639805,3.1497876480322975,3.585706693952718
G02F,2022,-0.27416388027220223,17.22914659402771,27.49573539199268,259,1.595884929177152,2.9030217743214943,3.349754440709438
G03B,2021,-0.17512420816121546,10.15193640867798,25.075342381876514,169,2.470005856266185,2.411613151767152,3.260990131457447
G03B,2022,-0.10513432095145472,11.033099719273164,35.48360175444766,128,3.216104508913588,2.4876611625714555,3.5968628926363557
G03F,2021,0.23098414414613916,17.9093297239437,21.71442616041772,469,1.2124644805320008,2.9396554364548324,3.123000236308847
G03F,2022,0.24834541799632878,16.932533385184943,23.89631295782501,475,1.411266253798324,2.8866165707306437,3.214719718523696
G03G,2021,0.1889871779515442,0.681180368887232,2.585663030131382,650,3.7958566456565532,0.5194961472350822,1.276943402594589
G03G,2022,0.2552479116314005,0.607179487948908,1.1247962596755547,712,1.8524938374897844,0.4744807718369134,0.7536759199800711
G03H,2021,0.16949767170612026,24.52846968380417,31.99875433236641,19,1.304555675297378,3.2397942875768284,3.496469813249977
G03H,2022,0.1510460757926696,28.13726694524391,29.67290197472984,23,1.054576552601016,3.3720180058826603,3.4233795929760804
G04G,2021,-0.3964819744593076,80.72262865431512,45.3060857799483,16,0.5612563234773501,4.403330936029189,3.8352733947858986
G04G,2022,-0.5308275396650927,49.35487278977639,26.078585298832042,14,0.528389271914689,3.919095392828947,3.29874320512966
G05B,2021,0.12569228133556637,24.398498081778147,39.09638221535725,423,1.6024093812789288,3.23469004163755,3.691286111174141
G05B,2022,0.12288222410162883,13.064859623762098,30.557595040377837,588,2.3389149153045863,2.643679461356081,3.451814290297727
G05D,2021,-0.0457090186617812,20.796327068644825,32.77394069809237,483,1.5759485119613506,3.0817414725104864,3.5196895198634444
G05D,2022,-0.08175414385306337,19.887009877218404,50.64845295735063,567,2.546810871521266,3.0391274287613914,3.944460242694037
G05F,2021,-0.17469517642487442,21.89291834712353,38.14962493575075,92,1.7425554844205209,3.1308276202511887,3.667390842205756
G05F,2022,-0.13925967286095883,12.270887634662381,17.826851552317972,127,1.4527760405825325,2.585572736435798,2.935284124882147
G05G,2021,0.6167357666592431,8.928150580633671,11.45173805607639,12,1.2826551201899206,2.295374215054979,2.521860216064841
G05G,2022,0.7644204675353091,8.798349438516176,11.283009143101264,18,1.2824006618455155,2.282213946850297,2.508216936927051
G06F,2021,-0.36006371946290794,33.76821476779673,59.95946715809966,16432,1.7756185090151817,3.5487036006635617,4.110209170495367
G06F,2022,-0.3912829925725903,29.12918712680349,48.15089062069636,14769,1.6530118197630677,3.405494373913471,3.8948949668907793
G06K,2021,-0.508570845688699,34.491208975087,68.32753960506433,1618,1.981013180906976,3.569285031310292,4.238842224153099
G06K,2022,-0.3753600369975962,25.514471689924036,48.089567632715706,1119,1.8847957432607487,3.2776906854395813,3.893646540386352
G06N,2021,-0.2610670740527591,36.51322361316713,64.99671345279162,1679,1.780086966338217,3.624693500501587,4.189604944616732
G06N,2022,-0.24676028320362778,30.39195431608493,59.44641691042255,2205,1.9559919145759097,3.4465516281093698,4.101757301696485
G06Q,2021,-0.06325569410510815,61.19947353035634,86.24154764933,3253,1.409187737645361,4.130346535567131,4.468680681310531
G06Q,2022,-0.07475429372052286,46.71822901579616,58.53988295226916,2848,1.2530415682597025,3.8653134845501884,4.086646389718536
G06T,2021,-0.49831341565818243,42.80984176083202,90.47931229107897,2357,2.1135166253723727,3.7798584898775363,4.516112851538643
G06T,2022,-0.4839673275362881,35.40905443158816,88.40395511374201,2302,2.4966482876446845,3.5948174918305646,4.4931649218467635
G06V,2022,-0.5095475245204117,23.531907146301904,42.84300392573919,721,1.8206345817777065,3.199974602753391,3.780615160496263
G07C,2021,-0.5331683247636635,19.468587473596152,32.138495101339046,201,1.650787205025849,3.018891392582745,3.500695600627537
G07C,2022,-0.5701025999542255,14.081399072268237,28.50957672499051,198,2.024626713487368,2.713462134951933,3.3847148454087574
G07F,2021,0.20277524659639953,63.082768221127274,79.80218707215867,67,1.2650393970097185,4.160175501282828,4.3920040328854615
G07F,2022,0.3532321207162007,59.95302620614985,82.29029348168184,59,1.372579479119616,4.110103505328852,4.422332017553502
G08B,2021,-0.5569238183970971,28.75114195816382,37.91753061548646,205,1.3188182462686449,3.3928675164033115,3.661444807604155
G08B,2022,-0.2955874324542859,17.628550135245167,23.48159970871636,194,1.3320210413543343,2.924695357389931,3.197921803087348
G08C,2021,-0.6749094063125052,25.433959397659645,42.05527925418815,38,1.6535089404152288,3.2746495243451657,3.7624848541145095
G08C,2022,-0.6368848988387911,23.128756532389005,37.60618512404961,30,1.6259492840173544,3.18340434629043,3.653412500008651
G08G,2021,-0.047630630548045554,18.848506037769017,36.42932274777926,321,1.9327432463231542,2.9881287417199234,3.622454427918265
G08G,2022,-0.08785911740489093,16.486794012526648,36.106429653244206,311,2.190021275562161,2.8614459681989226,3.6137902606150005
G09B,2021,0.35050973646546174,32.90031189792942,83.38481449627992,95,2.5344688146110776,3.5234242148729713,4.435387462383963
G09B,2022,-0.3036704602272521,19.57758789505826,37.61824286368271,88,1.9214952866169093,3.024202517271322,3.653724777873189
G09F,2021,-0.0665191751493451,33.133938897651944,56.757262377644395,37,1.7129645392587638,3.530292164922072,4.056249096952394
G09F,2022,-0.26915212511938735,10.561770437780824,21.017402771784923,41,1.9899507280145896,2.447704003574817,3.0918331757360944
G09G,2021,-0.9071138709690995,31.52369750832911,65.1320331784348,657,2.0661292401129585,3.4819689777344247,4.19165324638913
G09G,2022,-0.8369589461821262,19.685757885352178,49.99002076041046,573,2.53940036505311,3.0294454386113827,3.931629942213686
G10H,2021,0.3348467867783332,39.24117865501729,46.43914006272005,33,1.183428776973865,3.6948908159941642,3.8594476276853804
G10H,2022,0.24914680011407667,30.194748444835334,30.92265513162283,14,1.024107062462115,3.440249761572401,3.4633159499375274
G10K,2021,0.42923619982334915,18.401016721419627,35.21452635130746,55,1.913727207818693,2.965325473016614,3.589460318763127
G10K,2022,0.47350992830431377,10.100803952999932,19.329704797963785,72,1.9136798306260439,2.4070175338936854,3.012083107021491
G10L,2021,-0.2285052455570241,36.16277105830524,45.90307058403419,956,1.2693460495608775,3.6153074821638853,3.848083144184039
G10L,2022,-0.19199731232874392,29.04910979349234,36.90905882024692,982,1.2705745230277379,3.4028330363657844,3.635190102531766
G11B,2021,0.2422883254586283,19.161384259909134,66.33534922174923,384,3.4619288628609652,3.003769104531894,4.209685347221804
G11B,2022,0.37255341449153995,10.303229037678136,19.171378182550495,339,1.8607155205850712,2.4250884404446924,3.004264677968509
G11C,2021,-0.4050357889333769,10.819128318563182,24.856671970918203,1244,2.2974745505393224,2.4697192629441074,3.252568670975227
G11C,2022,-0.4570056017251336,9.239293111343272,48.42175320219937,1154,5.240850422068651,2.3262325851331536,3.9003906754917104
G16B,2021,0.5813231374191883,29.84286727623061,41.011290551623176,48,1.37424095922204,3.4289055170138627,3.7379384048147264
G16B,2022,0.6188699171888263,21.72574760922843,34.5330982179795,59,1.5895010307176218,3.1234985376182727,3.5704646062869454
G16C,2021,0.185242231759141,14.635872928893015,21.526551247786735,21,1.4708074709565613,2.7495678210681267,3.114694668949392
G16C,2022,0.5653789943841773,14.721857530821651,19.717944897621418,12,1.3393652843290984,2.7550519435585725,3.031000227994446
G16H,2021,-0.10618861350904103,23.736580079386016,53.16410087841392,368,2.2397540294603844,3.2082831229461037,3.992018343581252
G16H,2022,0.1418215224476348,24.24223162471179,59.47298788855829,301,2.453280242893701,3.2285184499575497,4.1021967841535405
G16Y,2021,-0.5046382766561753,23.560629636704245,44.18932116337665,11,1.8755577352880126,3.2011447396239534,3.810860801477579
G16Y,2022,-0.1978499150274506,21.10500533606701,48.28640478407066,37,2.287912465084882,3.0958040686745587,3.8976482779894845
G21C,2022,0.7254243673691414,0.46215011092844727,0.2890311584285464,10,0.6254053641746196,0.3799080311105216,0.2538908962238951
G21K,2021,0.774830134078287,18.435601021280377,40.540039485211665,11,2.199008290449329,2.9671064885124383,3.72665776898222
H01B,2021,0.38519900751694286,21.141906391373663,29.11979134592287,48,1.3773493651359818,3.097472029778337,3.4051824754814985
H01B,2022,0.6510644880206914,12.401928445559902,19.398125767208615,71,1.5641217293229481,2.5953986104500153,3.0154430224730415
H01C,2021,0.5763174310997282,17.49435812865295,23.949370331840576,13,1.3689767955884788,2.917465719553927,3.2168485846782855
H01C,2022,0.4415462956668317,11.57821164999547,22.93875628617912,18,1.9812002906500759,2.531966082978902,3.1754987474928904
H01F,2021,0.25701731607698064,19.20577194983818,29.004972321239446,149,1.510221635297707,3.0059683036822333,3.4013631119694443
H01F,2022,0.14682852358669962,9.81212720685657,22.06986314155581,193,2.249243479653802,2.3806683936850352,3.138527139855791
H01G,2021,-0.15455083834767147,9.763392564354337,18.336031171804635,25,1.8780389143368645,2.3761507991238795,2.9619702555122447
H01G,2022,0.09466369751414859,5.2300243241531605,11.931540804361006,59,2.281354744233039,1.8293802371501926,2.5596693507546298
H01H,2021,0.5915602167195354,21.078134096981916,30.66866189265845,135,1.4549988984579882,3.0945877113607527,3.4553276080841475
H01H,2022,0.650603654494355,11.129937496049912,19.82537704833817,145,1.781265802739173,2.4956765701026096,3.0361722934514597
H01J,2021,0.36354652549141026,64.39279384883058,101.02762760571922,306,1.5689275393593434,4.180412066594554,4.625243635488228
H01J,2022,0.3706104315941277,44.669743766263394,90.2500104973571,318,2.0203834382752377,3.8214360166329615,4.513603107502124
H01L,2021,-0.47089981698841465,10.640416904939629,22.155574589554423,6851,2.082209258104265,2.454483258237463,3.142235554548364
H01L,2022,-0.5304032521985277,8.453404216285993,21.009775428789666,6573,2.48536268836087,2.2463749111643905,3.0914866923418227
H01M,2021,0.10809244903039592,9.93015725672503,22.01926367365038,718,2.217413390783737,2.3915256897084625,3.1363314164072866
H01M,2022,0.16631154399699186,8.98843707342323,28.034886269492983,953,3.1189945527221616,2.3014281313142404,3.3684980818021515
H01P,2021,0.2851597261589952,16.312158802073007,19.533542773207387,85,1.197483607793531,2.85140907556984,3.022059781813211
H01P,2022,0.39095274174051164,12.84868060359287,21.018175242417175,72,1.6358236219631668,2.62818996481702,3.0918682596690035
H01Q,2021,0.08422736803604781,27.971618016857803,36.31806689905421,365,1.2983899207105647,3.3663166616837508,3.6194775766486798
H01Q,2022,0.12696702915185615,16.953837461751657,25.562296053766694,353,1.5077587072210623,2.8878038782552897,3.279492768679318
H01R,2021,0.45992213800753573,19.207517545554836,22.326731224970022,344,1.1623954616736538,3.0060546908949317,3.149599965842768
H01R,2022,0.4397518452745558,13.27015804852553,23.58833109878395,449,1.7775471107825191,2.6581705070073363,3.202271984822976
H01S,2021,0.15735086744196075,20.697053639673182,24.80349989175552,101,1.1984072865429933,3.0771764743543,3.2505101374465086
H01S,2022,0.12969494316315422,19.450358048527484,31.250281665507664,131,1.6066687095188723,3.0180003908209905,3.4735267770178333
H01T,2022,0.4647809237847273,2.487642118436832,5.053949325217822,20,2.0316223494373014,1.2492258971234524,1.8007108401016305
H02B,2021,0.6923902449915879,10.754106549897573,18.89107018246942,19,1.7566378103859634,2.464202673139807,2.990270896469694
H02B,2022,0.8081080655968428,9.62600925434461,25.933638976887657,22,2.6941215504423863,2.3633046989435433,3.2933760249463195
H02G,2021,0.7990651726090706,13.626893041208792,19.150870047207004,46,1.4053731829620495,2.6828618234565837,3.003247465981966
H02G,2022,0.7965762494078145,11.493910244097842,18.63620281482856,74,1.6213979767588935,2.5252413451251194,2.977374944866674
H02H,2021,0.11645272101806567,18.738213807000886,38.11835907782124,108,2.0342578791357173,2.9825565439436996,3.666591898423399
H02H,2022,0.11551809808366263,15.071842057981383,30.670847122487086,104,2.0349766806536533,2.777068800310376,3.455396608613627
H02J,2021,-0.23177921111531916,25.33753304534717,38.253191263562556,537,1.5097441094640087,3.270995033817595,3.6700327470012843
H02J,2022,-0.08471180043779876,17.55355293728466,32.451797079256124,473,1.84873097743801,2.920661303720599,3.5101055094736218
H02K,2021,0.6525528881174313,11.76245103734227,24.204347517083743,287,2.0577639337449454,2.546507347036198,3.2270165001566204
H02K,2022,0.5659189356963573,9.266249195240208,33.46552062987775,326,3.6115498218057827,2.3288617376833867,3.5399594222695887
H02M,2021,-0.186152885336019,18.49166310993632,23.298485375594204,360,1.2599453730624686,2.969986841327708,3.190414018181433
H02M,2022,-0.1792975871967922,17.371119982215124,33.320311239642166,404,1.9181440962791185,2.9107798653715617,3.535737343332783
H02N,2021,0.7184212670310812,7.382347875023983,17.79086522251297,33,2.4099196520802226,2.1261280512692027,2.9333708593324066
H02N,2022,0.5218102610453849,4.957789299723362,14.313388442441788,43,2.887050573779014,1.784699489403149,2.7287275073527004
H02P,2021,0.12806342560523867,13.626158694681658,21.19898440855353,108,1.555756459582962,2.6828116169664082,3.1000465404693376
H02P,2022,0.1980826390883999,10.99070714409876,19.669121363882674,201,1.7896138170184632,2.484131945123382,3.0286408649954524
H02S,2021,0.4512071367865802,27.147365868429418,33.7332484467249,34,1.2425974811042138,3.337453775373533,3.5476973966959124
H02S,2022,0.5589425235327904,22.472245349171374,41.456776684640246,35,1.844799041684052,3.1558186741907197,3.748486539230513
H03B,2021,0.15566232617455814,18.432683865866025,23.80209253226211,43,1.2912982561557003,2.9669563838485304,3.2109280259123483
H03B,2022,0.16493258421084872,12.886817560901923,19.924874879828305,40,1.5461439401671644,2.6309400132291985,3.0409386368990385
H03D,2021,0.5518050427737105,12.22005746055695,9.052565864195644,10,0.7407956872064543,2.581735180901004,2.3078279117892793
H03F,2021,-0.013505668982977927,21.93498255866016,29.190695085953575,300,1.3307826896096064,3.132663367580573,3.4075337671686303
H03F,2022,-0.049078261490056174,15.272526010790205,29.972351763686422,276,1.9625012746752326,2.789478164913901,3.4330949279340364
H03G,2021,-0.10182518689764793,30.78115811987427,40.60498963867484,39,1.3191508090937514,3.4588736022279156,3.7282201033119784
H03G,2022,0.26104336542909334,20.541750359593053,33.35711402710085,26,1.6238691174397895,3.0699929293177974,3.536809101362109
H03H,2021,0.36456913071907465,16.627513510385786,22.187202470533094,152,1.3343668286105825,2.8694609490487615,3.1436005088258407
H03H,2022,0.3014042690904462,13.650599718759564,29.655286133183377,119,2.172452986987019,2.6844812710593033,3.4228051151519536
H03K,2021,-0.08890647572606916,20.119188348194992,27.48413509152471,405,1.3660657982751312,3.0501820276163993,3.3493472688247077
H03K,2022,-0.018777619185026996,16.283244948871634,23.362201137838305,400,1.4347386661070414,2.849737532139286,3.193032797455749
H03L,2021,0.15104724471728706,22.313044668568534,32.06951438385881,129,1.4372540753720542,3.1490130609302915,3.498611842394163
H03L,2022,0.25995487026020025,12.582059073751706,15.756480393358448,112,1.2522974420163961,2.608749736096933,2.8187850726044923
H03M,2021,0.1921624345892807,18.668769508074355,46.78003854504042,368,2.505791210545921,2.9790320736610054,3.866607948616476
H03M,2022,0.11526393273465131,21.902957789326763,49.468981973016426,308,2.2585525867708376,3.131266063325589,3.921358929215833
H04B,2021,-0.1435479828290509,20.67295441809068,31.783104548450968,1273,1.5374244002897774,3.0760651430383947,3.4899132774476698
H04B,2022,-0.1054227871354226,15.279679238960824,26.1824146374052,1160,1.7135447824483174,2.789917657613758,3.3025702435336988
H04H,2021,0.10124074537958427,21.008835398668325,41.87168004657866,52,1.9930509831702883,3.091443981765373,3.7582114691720405
H04H,2022,-0.1907755768848747,11.341521480836493,20.829851964566743,29,1.8366012002677474,2.5129693075410544,3.0832783892546973
H04J,2021,0.08918353742493779,14.58520879809656,27.280732171734027,118,1.8704382329647755,2.7463223105050174,3.342180730782834
H04J,2022,0.19413818266354593,15.293891480287416,25.672425019819762,121,1.6786064588538132,2.790790281763621,3.283630260937706
H04L,2021,-0.33455624232106196,33.23397411235592,57.24451085360678,9506,1.7224696228045773,3.533218546076304,4.064649853732637
H04L,2022,-0.2995591702570668,26.637703198524612,40.306869438831846,8677,1.5131510828255017,3.3191808984324163,3.721028816373706
H04M,2021,-0.5184761708536207,37.48399262074416,50.74995420009436,388,1.353910046711743,3.6502423787503293,3.946423547122756
H04M,2022,-0.5459964769119181,27.790091327630265,34.56459068502211,376,1.2437739148649831,3.3600312768187846,3.571350499192556
H04N,2021,-0.43350774782456014,26.661240388147796,67.99957796069647,3646,2.550503163795993,3.320032169343502,4.234100388066908
H04N,2022,-0.37090057174004226,17.739225397145084,42.10824766878242,3664,2.373736548584542,2.9306189417588273,3.7637143400271285
H04Q,2021,-0.014970398050209822,32.583858907354376,48.270152547666136,65,1.4814130114211632,3.5140455618830053,3.897318472708297
H04Q,2022,-0.18522434630690202,33.032432014800285,91.13107570743422,59,2.758836396502766,3.527313952747322,4.52321229902613
H04R,2021,0.18806434061008667,35.46017650415448,46.02332969425887,415,1.2978877781069933,3.5962206102743033,3.850643855029602
H04R,2022,0.14549278551705966,27.392021545469834,36.24482568475048,467,1.3231891492413326,3.346108174200974,3.6175130273850544
H04S,2021,0.29431200736715724,20.305986994369707,37.697002446686064,144,1.8564476800432506,3.0589881127677976,3.65576214087787
H04S,2022,0.29586129476528283,17.100433862724444,32.25514326637163,143,1.886217830804951,2.895935908300764,3.5042094398423242
H04W,2021,-0.21797883222837205,22.460943839622708,37.999539281506024,5253,1.6918050974541918,3.155337074284025,3.6635498327651517
H04W,2022,-0.24129590564437664,15.934135017322431,26.71332267344668,5467,1.6764840165095816,2.82933140833832,3.321913260508004
H05B,2021,0.22492263180158453,17.81752743276548,22.948500815598468,199,1.2879733679207028,2.9347887457581154,3.175905725471735
H05B,2022,0.2205054863017989,12.891714394094649,23.943215636106423,230,1.8572561339920912,2.6312925756505234,3.21660186682849
H05G,2021,0.4449021739962298,10.60991085212014,15.541133682590175,25,1.4647751427133475,2.4518591171376967,2.8058502291203085
H05G,2022,0.5681678902448871,12.238669777165626,16.671789055683355,25,1.3622223133096416,2.583142075458817,2.8719695294057495
H05H,2021,0.40569769186783,37.8465653181551,68.48388325342286,17,1.8095138271522608,3.6596196641062715,4.2410948300445925
H05H,2022,0.3016223921508989,22.713960763851073,34.282228459070645,17,1.5093020902646928,3.166063936478175,3.5633793940834138
H05K,2021,0.195303595851393,24.341477998364926,37.79656671539708,590,1.5527638345517047,3.232442499883649,3.658331755997477
H05K,2022,0.1423355767394011,18.37882105338639,36.427419408097364,577,1.9820324329990378,2.9641807714536115,3.6224035750591237
Y02A,2021,0.6384974759396007,40.62799696608631,64.6794386766402,23,1.5919918161515696,3.7287729448940476,4.18478591877148
Y02A,2022,1.1539944077645705,12.986859442791088,23.145573167237032,13,1.7822302050158072,2.6381182776147005,3.184101057591567
Y02B,2021,-0.11556048344689804,41.025874187629775,58.26170753071094,17,1.420121050053777,3.738285480687604,4.081963355950867
Y02D,2021,-0.3400620252492435,23.831480632317067,36.469978654334625,84,1.5303278557052353,3.212112228524231,3.6235400431319515
Y02D,2022,-0.2526445468008396,20.80632967776562,42.879217787448475,41,2.0608737077385983,3.082200279842087,3.781440809073312
Y02E,2021,0.3592602235689084,22.50714499364592,38.687032475530074,45,1.7188778268612905,3.15730441722143,3.6810244964393997
Y02E,2022,0.057381961109539546,21.400522881478746,40.68748159887331,27,1.9012377325643113,3.109084301511711,3.7302008822694077
Y02P,2021,0.5105760847908332,31.197323083382322,45.42897333697288,32,1.4561817760951177,3.471883315038086,3.8379236897256037
Y02P,2022,0.49511282526679135,9.827455000681981,12.387675243221668,24,1.2605171168285196,2.382085038076949,2.594334525751436
Y02T,2021,0.5167915564250101,11.640462498598053,12.660941147148614,65,1.0876665036868995,2.536902978128271,2.614540749803589
Y02T,2022,0.3553819926329301,6.63969148024585,6.3210481816596555,30,0.9520093215875753,2.0333572201962737,1.990753511937707
Y04S,2021,-0.17381652053155403,24.05847406547323,24.757650738841694,17,1.0290615552534923,3.2212120563718853,3.2487316990510284
Y10S,2021,0.5215771437996263,22.0548664707711,25.55656937201534,47,1.1587723464970863,3.1378768738731306,3.2792771510554233
Y10T,2021,0.6910138832018403,22.58916818805898,31.72557490146596,154,1.4044596346950324,3.160787631588015,3.488156879295312
Y10T,2022,0.625671497505075,19.009968063742164,31.57275874310401,145,1.6608528029735588,2.996230552579484,3.483476317669325
